{"coverage": 59.148936170212764, "raw_data": {"meta": {"format": 2, "version": "7.4.4", "timestamp": "2024-04-03T14:13:03.913245", "branch_coverage": false, "show_contexts": false}, "files": {"src/http_stream_xml/entrez.py": {"executed_lines": [1, 19, 20, 21, 23, 24, 25, 26, 28, 30, 34, 39, 42, 45, 46, 47, 48, 50, 53, 56, 57, 67, 68, 75, 76, 77, 78, 81, 82, 84, 85, 86, 87, 90, 98, 99, 101, 117, 118, 119, 120, 121, 123, 125, 128, 129, 130, 131, 133, 135, 137, 139, 141, 143, 144, 147, 148, 149, 150, 151, 153, 155, 159, 161, 163, 165, 167, 169, 170, 175, 176, 177, 186, 189, 190, 203, 204, 206, 208, 209, 212, 214, 215, 221, 223, 224, 225, 226, 227, 228, 229, 233, 234, 237, 243, 246, 249, 252], "summary": {"covered_lines": 95, "num_statements": 125, "percent_covered": 76.0, "percent_covered_display": "76", "missing_lines": 30, "excluded_lines": 0}, "missing_lines": [122, 127, 178, 179, 182, 183, 184, 185, 187, 188, 191, 194, 195, 196, 199, 200, 201, 202, 210, 230, 235, 236, 238, 241, 253, 255, 267, 268, 269, 271], "excluded_lines": []}, "src/http_stream_xml/examples/http_stream_example.py": {"executed_lines": [1, 7, 9, 10, 13, 35], "summary": {"covered_lines": 5, "num_statements": 20, "percent_covered": 25.0, "percent_covered_display": "25", "missing_lines": 15, "excluded_lines": 0}, "missing_lines": [15, 17, 18, 19, 23, 24, 25, 26, 27, 28, 29, 30, 32, 36, 37], "excluded_lines": []}, "src/http_stream_xml/socket_stream.py": {"executed_lines": [], "summary": {"covered_lines": 0, "num_statements": 50, "percent_covered": 0.0, "percent_covered_display": "0", "missing_lines": 50, "excluded_lines": 0}, "missing_lines": [1, 2, 3, 5, 6, 9, 10, 13, 16, 18, 19, 20, 21, 22, 24, 25, 27, 29, 30, 31, 32, 34, 35, 37, 39, 41, 42, 44, 46, 48, 50, 51, 52, 53, 54, 56, 58, 60, 62, 63, 64, 65, 66, 67, 68, 69, 70, 73, 74, 75], "excluded_lines": []}, "src/http_stream_xml/version.py": {"executed_lines": [], "summary": {"covered_lines": 0, "num_statements": 1, "percent_covered": 0.0, "percent_covered_display": "0", "missing_lines": 1, "excluded_lines": 0}, "missing_lines": [1], "excluded_lines": []}, "src/http_stream_xml/xml_stream.py": {"executed_lines": [1, 6, 7, 8, 11, 12, 15, 16, 22, 24, 25, 26, 27, 29, 35, 36, 37, 38, 40, 41, 43, 44, 47, 48, 53, 55, 57, 58, 59, 61, 63, 64, 65, 67, 69, 71, 73, 74, 75, 76, 78, 80, 81], "summary": {"covered_lines": 39, "num_statements": 39, "percent_covered": 100.0, "percent_covered_display": "100", "missing_lines": 0, "excluded_lines": 0}, "missing_lines": [], "excluded_lines": []}}, "totals": {"covered_lines": 139, "num_statements": 235, "percent_covered": 59.148936170212764, "percent_covered_display": "59", "missing_lines": 96, "excluded_lines": 0}}, "coverage_path": "."}