{"coverage": 59.148936170212764, "raw_data": {"meta": {"version": "7.4.0", "timestamp": "2024-01-24T07:21:55.246571", "branch_coverage": false, "show_contexts": false}, "files": {"src/http_stream_xml/entrez.py": {"executed_lines": [1, 18, 19, 20, 22, 23, 24, 25, 27, 29, 33, 38, 41, 44, 45, 46, 47, 49, 52, 55, 56, 66, 67, 74, 75, 76, 77, 80, 81, 83, 84, 85, 86, 89, 97, 98, 100, 116, 117, 118, 119, 120, 122, 124, 127, 128, 129, 130, 132, 134, 136, 138, 140, 142, 143, 146, 147, 148, 149, 150, 152, 154, 158, 160, 162, 164, 166, 168, 169, 174, 175, 176, 185, 188, 189, 202, 203, 205, 207, 208, 211, 213, 214, 220, 222, 223, 224, 225, 226, 227, 228, 232, 233, 236, 242, 245, 248, 251], "summary": {"covered_lines": 95, "num_statements": 125, "percent_covered": 76.0, "percent_covered_display": "76", "missing_lines": 30, "excluded_lines": 0}, "missing_lines": [121, 126, 177, 178, 181, 182, 183, 184, 186, 187, 190, 193, 194, 195, 198, 199, 200, 201, 209, 229, 234, 235, 237, 240, 252, 254, 266, 267, 268, 270], "excluded_lines": []}, "src/http_stream_xml/examples/http_stream_example.py": {"executed_lines": [1, 6, 8, 9, 12, 34], "summary": {"covered_lines": 5, "num_statements": 20, "percent_covered": 25.0, "percent_covered_display": "25", "missing_lines": 15, "excluded_lines": 0}, "missing_lines": [14, 16, 17, 18, 22, 23, 24, 25, 26, 27, 28, 29, 31, 35, 36], "excluded_lines": []}, "src/http_stream_xml/socket_stream.py": {"executed_lines": [], "summary": {"covered_lines": 0, "num_statements": 50, "percent_covered": 0.0, "percent_covered_display": "0", "missing_lines": 50, "excluded_lines": 0}, "missing_lines": [1, 2, 3, 5, 6, 9, 10, 13, 16, 18, 19, 20, 21, 22, 24, 25, 27, 29, 30, 31, 32, 34, 35, 37, 39, 41, 42, 44, 46, 48, 50, 51, 52, 53, 54, 56, 58, 60, 62, 63, 64, 65, 66, 67, 68, 69, 70, 73, 74, 75], "excluded_lines": []}, "src/http_stream_xml/version.py": {"executed_lines": [], "summary": {"covered_lines": 0, "num_statements": 1, "percent_covered": 0.0, "percent_covered_display": "0", "missing_lines": 1, "excluded_lines": 0}, "missing_lines": [1], "excluded_lines": []}, "src/http_stream_xml/xml_stream.py": {"executed_lines": [1, 5, 6, 7, 10, 11, 14, 15, 21, 23, 24, 25, 26, 28, 34, 35, 36, 37, 39, 40, 42, 43, 46, 47, 52, 54, 56, 57, 58, 60, 62, 63, 64, 66, 68, 70, 72, 73, 74, 75, 77, 79, 80], "summary": {"covered_lines": 39, "num_statements": 39, "percent_covered": 100.0, "percent_covered_display": "100", "missing_lines": 0, "excluded_lines": 0}, "missing_lines": [], "excluded_lines": []}}, "totals": {"covered_lines": 139, "num_statements": 235, "percent_covered": 59.148936170212764, "percent_covered_display": "59", "missing_lines": 96, "excluded_lines": 0}}, "coverage_path": "."}