{"coverage": 75.21008403361344, "raw_data": {"meta": {"format": 3, "version": "7.13.0", "timestamp": "2025-12-27T06:41:16.261831", "branch_coverage": false, "show_contexts": false}, "files": {"src/http_stream_xml/entrez.py": {"executed_lines": [1, 19, 20, 21, 22, 23, 25, 26, 27, 28, 30, 32, 36, 41, 44, 47, 48, 49, 50, 55, 58, 59, 69, 70, 77, 78, 79, 80, 83, 84, 86, 87, 88, 89, 92, 100, 101, 103, 122, 123, 124, 125, 126, 127, 128, 130, 132, 133, 134, 135, 136, 138, 143, 145, 150, 152, 154, 155, 158, 159, 160, 161, 162, 164, 166, 168, 170, 172, 174, 176, 178, 179, 184, 185, 186, 196, 197, 198, 199, 200, 213, 214, 216, 218, 219, 222, 227, 228, 234, 236, 237, 238, 239, 240, 241, 242, 247, 248, 251, 258, 262, 265, 268], "summary": {"covered_lines": 100, "num_statements": 126, "percent_covered": 79.36507936507937, "percent_covered_display": "79", "missing_lines": 26, "excluded_lines": 0, "percent_statements_covered": 79.36507936507937, "percent_statements_covered_display": "79"}, "missing_lines": [187, 188, 192, 193, 194, 195, 201, 204, 205, 206, 209, 210, 211, 212, 220, 243, 249, 250, 252, 256, 269, 271, 283, 284, 285, 287], "excluded_lines": [], "functions": {"requests_retry_session": {"executed_lines": [69, 70, 77, 78, 79, 80], "summary": {"covered_lines": 6, "num_statements": 6, "percent_covered": 100.0, "percent_covered_display": "100", "missing_lines": 0, "excluded_lines": 0, "percent_statements_covered": 100.0, "percent_statements_covered_display": "100"}, "missing_lines": [], "excluded_lines": []}, "Genes.__init__": {"executed_lines": [122, 123, 124, 125, 126, 127, 128, 130, 132, 133, 134, 135, 136], "summary": {"covered_lines": 13, "num_statements": 13, "percent_covered": 100.0, "percent_covered_display": "100", "missing_lines": 0, "excluded_lines": 0, "percent_statements_covered": 100.0, "percent_statements_covered_display": "100"}, "missing_lines": [], "excluded_lines": []}, "Genes.clear_cache": {"executed_lines": [143], "summary": {"covered_lines": 1, "num_statements": 1, "percent_covered": 100.0, "percent_covered_display": "100", "missing_lines": 0, "excluded_lines": 0, "percent_statements_covered": 100.0, "percent_statements_covered_display": "100"}, "missing_lines": [], "excluded_lines": []}, "Genes.canonical_gene_name": {"executed_lines": [150], "summary": {"covered_lines": 1, "num_statements": 1, "percent_covered": 100.0, "percent_covered_display": "100", "missing_lines": 0, "excluded_lines": 0, "percent_statements_covered": 100.0, "percent_statements_covered_display": "100"}, "missing_lines": [], "excluded_lines": []}, "Genes.__getitem__": {"executed_lines": [154, 155, 158, 159, 160, 161, 162], "summary": {"covered_lines": 7, "num_statements": 7, "percent_covered": 100.0, "percent_covered_display": "100", "missing_lines": 0, "excluded_lines": 0, "percent_statements_covered": 100.0, "percent_statements_covered_display": "100"}, "missing_lines": [], "excluded_lines": []}, "Genes.api_key_query_param": {"executed_lines": [166], "summary": {"covered_lines": 1, "num_statements": 1, "percent_covered": 100.0, "percent_covered_display": "100", "missing_lines": 0, "excluded_lines": 0, "percent_statements_covered": 100.0, "percent_statements_covered_display": "100"}, "missing_lines": [], "excluded_lines": []}, "Genes.search_id_url": {"executed_lines": [170], "summary": {"covered_lines": 1, "num_statements": 1, "percent_covered": 100.0, "percent_covered_display": "100", "missing_lines": 0, "excluded_lines": 0, "percent_statements_covered": 100.0, "percent_statements_covered_display": "100"}, "missing_lines": [], "excluded_lines": []}, "Genes.get_details_url": {"executed_lines": [174], "summary": {"covered_lines": 1, "num_statements": 1, "percent_covered": 100.0, "percent_covered_display": "100", "missing_lines": 0, "excluded_lines": 0, "percent_statements_covered": 100.0, "percent_statements_covered_display": "100"}, "missing_lines": [], "excluded_lines": []}, "Genes.get_gene_id": {"executed_lines": [178, 179, 184, 185, 186, 196, 197, 198, 199, 200, 213, 214], "summary": {"covered_lines": 12, "num_statements": 26, "percent_covered": 46.15384615384615, "percent_covered_display": "46", "missing_lines": 14, "excluded_lines": 0, "percent_statements_covered": 46.15384615384615, "percent_statements_covered_display": "46"}, "missing_lines": [187, 188, 192, 193, 194, 195, 201, 204, 205, 206, 209, 210, 211, 212], "excluded_lines": []}, "Genes.get_gene_details": {"executed_lines": [218, 219], "summary": {"covered_lines": 2, "num_statements": 3, "percent_covered": 66.66666666666667, "percent_covered_display": "67", "missing_lines": 1, "excluded_lines": 0, "percent_statements_covered": 66.66666666666667, "percent_statements_covered_display": "67"}, "missing_lines": [220], "excluded_lines": []}, "Genes.get_gene_details_by_id": {"executed_lines": [227, 228, 234, 236, 237, 238, 239, 240, 241, 242, 247, 248, 251, 258, 262], "summary": {"covered_lines": 15, "num_statements": 20, "percent_covered": 75.0, "percent_covered_display": "75", "missing_lines": 5, "excluded_lines": 0, "percent_statements_covered": 75.0, "percent_statements_covered_display": "75"}, "missing_lines": [243, 249, 250, 252, 256], "excluded_lines": []}, "": {"executed_lines": [1, 19, 20, 21, 22, 23, 25, 26, 27, 28, 30, 32, 36, 41, 44, 47, 48, 49, 50, 55, 58, 59, 83, 84, 86, 87, 88, 89, 92, 100, 101, 103, 138, 145, 152, 164, 168, 172, 176, 216, 222, 265, 268], "summary": {"covered_lines": 40, "num_statements": 46, "percent_covered": 86.95652173913044, "percent_covered_display": "87", "missing_lines": 6, "excluded_lines": 0, "percent_statements_covered": 86.95652173913044, "percent_statements_covered_display": "87"}, "missing_lines": [269, 271, 283, 284, 285, 287], "excluded_lines": []}}, "classes": {"GeneFields": {"executed_lines": [], "summary": {"covered_lines": 0, "num_statements": 0, "percent_covered": 100.0, "percent_covered_display": "100", "missing_lines": 0, "excluded_lines": 0, "percent_statements_covered": 100.0, "percent_statements_covered_display": "100"}, "missing_lines": [], "excluded_lines": []}, "Genes": {"executed_lines": [122, 123, 124, 125, 126, 127, 128, 130, 132, 133, 134, 135, 136, 143, 150, 154, 155, 158, 159, 160, 161, 162, 166, 170, 174, 178, 179, 184, 185, 186, 196, 197, 198, 199, 200, 213, 214, 218, 219, 227, 228, 234, 236, 237, 238, 239, 240, 241, 242, 247, 248, 251, 258, 262], "summary": {"covered_lines": 54, "num_statements": 74, "percent_covered": 72.97297297297297, "percent_covered_display": "73", "missing_lines": 20, "excluded_lines": 0, "percent_statements_covered": 72.97297297297297, "percent_statements_covered_display": "73"}, "missing_lines": [187, 188, 192, 193, 194, 195, 201, 204, 205, 206, 209, 210, 211, 212, 220, 243, 249, 250, 252, 256], "excluded_lines": []}, "": {"executed_lines": [1, 19, 20, 21, 22, 23, 25, 26, 27, 28, 30, 32, 36, 41, 44, 47, 48, 49, 50, 55, 58, 59, 69, 70, 77, 78, 79, 80, 83, 84, 86, 87, 88, 89, 92, 100, 101, 103, 138, 145, 152, 164, 168, 172, 176, 216, 222, 265, 268], "summary": {"covered_lines": 46, "num_statements": 52, "percent_covered": 88.46153846153847, "percent_covered_display": "88", "missing_lines": 6, "excluded_lines": 0, "percent_statements_covered": 88.46153846153847, "percent_statements_covered_display": "88"}, "missing_lines": [269, 271, 283, 284, 285, 287], "excluded_lines": []}}}, "src/http_stream_xml/examples/http_stream_example.py": {"executed_lines": [1, 7, 9, 10, 13, 38], "summary": {"covered_lines": 5, "num_statements": 20, "percent_covered": 25.0, "percent_covered_display": "25", "missing_lines": 15, "excluded_lines": 0, "percent_statements_covered": 25.0, "percent_statements_covered_display": "25"}, "missing_lines": [15, 17, 18, 19, 26, 27, 28, 29, 30, 31, 32, 33, 35, 39, 40], "excluded_lines": [], "functions": {"get_gene_info": {"executed_lines": [], "summary": {"covered_lines": 0, "num_statements": 13, "percent_covered": 0.0, "percent_covered_display": "0", "missing_lines": 13, "excluded_lines": 0,